Source,Target,Type,id,label,timeset,weight
1,2,Undirected,0,,,8.0
1,3,Undirected,1,,,3.0
1,4,Undirected,2,,,3.0
1,5,Undirected,3,,,3.0
1,6,Undirected,4,,,12.0
6,7,Undirected,5,,,10.0
6,8,Undirected,6,,,12.0
6,9,Undirected,7,,,12.0
6,10,Undirected,8,,,10.0
6,11,Undirected,9,,,10.0
6,12,Undirected,10,,,10.0
6,13,Undirected,11,,,10.0
6,14,Undirected,12,,,10.0
6,15,Undirected,13,,,10.0
6,16,Undirected,14,,,10.0
6,17,Undirected,15,,,10.0
6,18,Undirected,16,,,10.0
6,19,Undirected,17,,,10.0
6,20,Undirected,18,,,10.0
6,21,Undirected,19,,,10.0
6,22,Undirected,20,,,10.0
6,23,Undirected,21,,,10.0
6,24,Undirected,22,,,10.0
6,25,Undirected,23,,,10.0
6,26,Undirected,24,,,10.0
6,27,Undirected,25,,,10.0
6,28,Undirected,26,,,10.0
6,29,Undirected,27,,,10.0
6,30,Undirected,28,,,10.0
6,31,Undirected,29,,,10.0
6,32,Undirected,30,,,10.0
6,33,Undirected,31,,,10.0
6,34,Undirected,32,,,10.0
6,35,Undirected,33,,,10.0
6,36,Undirected,34,,,10.0
6,37,Undirected,35,,,10.0
6,38,Undirected,36,,,10.0
6,39,Undirected,37,,,10.0
6,40,Undirected,38,,,10.0
6,41,Undirected,39,,,10.0
6,42,Undirected,40,,,10.0
6,43,Undirected,41,,,10.0
6,44,Undirected,42,,,10.0
6,45,Undirected,43,,,10.0
6,46,Undirected,44,,,10.0
6,47,Undirected,45,,,10.0
6,48,Undirected,46,,,10.0
6,49,Undirected,47,,,10.0
6,50,Undirected,48,,,10.0
6,51,Undirected,49,,,10.0
6,52,Undirected,50,,,10.0
6,53,Undirected,51,,,10.0
6,54,Undirected,52,,,10.0
6,55,Undirected,53,,,10.0
6,56,Undirected,54,,,10.0
6,57,Undirected,55,,,10.0
6,58,Undirected,56,,,10.0
6,59,Undirected,57,,,10.0
6,60,Undirected,58,,,10.0
6,61,Undirected,59,,,10.0
6,62,Undirected,60,,,10.0
6,63,Undirected,61,,,10.0
6,64,Undirected,62,,,10.0
6,65,Undirected,63,,,10.0
6,66,Undirected,64,,,10.0
6,67,Undirected,65,,,12.0
6,68,Undirected,66,,,14.0
6,69,Undirected,67,,,10.0
6,70,Undirected,68,,,11.0
70,71,Undirected,69,,,10.0
72,73,Undirected,70,,,12.0
72,74,Undirected,71,,,5.0
72,75,Undirected,72,,,5.0
72,76,Undirected,73,,,5.0
77,78,Undirected,74,,,7.0
78,79,Undirected,75,,,7.0
79,77,Undirected,76,,,7.0
80,81,Undirected,77,,,4.0
80,82,Undirected,78,,,4.0
81,82,Undirected,79,,,4.0
82,81,Undirected,80,,,4.0
77,83,Undirected,81,,,5.0
78,83,Undirected,82,,,5.0
79,83,Undirected,83,,,5.0
83,84,Undirected,84,,,7.0
83,85,Undirected,85,,,7.0
83,86,Undirected,86,,,7.0
87,88,Undirected,87,,,8.0
88,87,Undirected,88,,,8.0
87,1,Undirected,89,,,5.0
87,2,Undirected,90,,,5.0
87,3,Undirected,91,,,5.0
87,4,Undirected,92,,,5.0
87,5,Undirected,93,,,5.0
87,6,Undirected,94,,,5.0
88,1,Undirected,95,,,5.0
88,2,Undirected,96,,,5.0
88,3,Undirected,97,,,5.0
88,4,Undirected,98,,,5.0
88,5,Undirected,99,,,5.0
88,6,Undirected,100,,,5.0
89,90,Undirected,101,,,6.0
90,91,Undirected,102,,,6.0
91,92,Undirected,103,,,6.0
90,89,Undirected,104,,,6.0
91,90,Undirected,105,,,6.0
92,91,Undirected,106,,,6.0
89,21,Undirected,107,,,4.0
89,31,Undirected,108,,,4.0
89,30,Undirected,109,,,4.0
90,21,Undirected,110,,,4.0
90,30,Undirected,111,,,4.0
90,31,Undirected,112,,,4.0
91,21,Undirected,113,,,4.0
91,30,Undirected,114,,,4.0
91,31,Undirected,115,,,4.0
92,21,Undirected,116,,,4.0
92,30,Undirected,117,,,4.0
92,31,Undirected,118,,,4.0
7,8,Undirected,119,,,4.0
7,9,Undirected,120,,,4.0
7,10,Undirected,121,,,4.0
7,11,Undirected,122,,,4.0
7,12,Undirected,123,,,4.0
7,13,Undirected,124,,,4.0
7,14,Undirected,125,,,4.0
7,15,Undirected,126,,,4.0
7,16,Undirected,127,,,4.0
7,17,Undirected,128,,,4.0
7,18,Undirected,129,,,4.0
7,19,Undirected,130,,,4.0
7,20,Undirected,131,,,4.0
7,21,Undirected,132,,,4.0
7,22,Undirected,133,,,4.0
7,23,Undirected,134,,,4.0
7,24,Undirected,135,,,4.0
7,25,Undirected,136,,,4.0
7,26,Undirected,137,,,4.0
7,27,Undirected,138,,,4.0
7,28,Undirected,139,,,4.0
7,29,Undirected,140,,,4.0
7,30,Undirected,141,,,4.0
7,31,Undirected,142,,,4.0
7,32,Undirected,143,,,4.0
7,33,Undirected,144,,,4.0
7,34,Undirected,145,,,4.0
7,35,Undirected,146,,,4.0
7,36,Undirected,147,,,4.0
7,37,Undirected,148,,,4.0
7,38,Undirected,149,,,4.0
7,39,Undirected,150,,,4.0
7,40,Undirected,151,,,4.0
7,41,Undirected,152,,,4.0
7,42,Undirected,153,,,4.0
7,43,Undirected,154,,,4.0
7,44,Undirected,155,,,4.0
7,45,Undirected,156,,,4.0
7,46,Undirected,157,,,4.0
7,47,Undirected,158,,,4.0
7,48,Undirected,159,,,4.0
7,49,Undirected,160,,,4.0
7,50,Undirected,161,,,4.0
7,51,Undirected,162,,,4.0
7,52,Undirected,163,,,4.0
7,53,Undirected,164,,,4.0
7,54,Undirected,165,,,4.0
7,55,Undirected,166,,,4.0
7,56,Undirected,167,,,4.0
7,57,Undirected,168,,,4.0
7,58,Undirected,169,,,4.0
7,59,Undirected,170,,,4.0
7,60,Undirected,171,,,4.0
7,61,Undirected,172,,,4.0
7,62,Undirected,173,,,4.0
7,63,Undirected,174,,,4.0
7,64,Undirected,175,,,4.0
7,65,Undirected,176,,,4.0
7,66,Undirected,177,,,4.0
7,67,Undirected,178,,,4.0
7,68,Undirected,179,,,4.0
7,69,Undirected,180,,,4.0
7,70,Undirected,181,,,4.0
8,7,Undirected,182,,,4.0
8,9,Undirected,183,,,4.0
8,10,Undirected,184,,,4.0
8,11,Undirected,185,,,4.0
8,12,Undirected,186,,,4.0
8,13,Undirected,187,,,4.0
8,14,Undirected,188,,,4.0
8,15,Undirected,189,,,4.0
8,16,Undirected,190,,,4.0
8,17,Undirected,191,,,4.0
8,18,Undirected,192,,,4.0
8,19,Undirected,193,,,4.0
8,20,Undirected,194,,,4.0
8,21,Undirected,195,,,4.0
8,22,Undirected,196,,,4.0
8,23,Undirected,197,,,4.0
8,24,Undirected,198,,,4.0
8,25,Undirected,199,,,4.0
8,26,Undirected,200,,,4.0
8,27,Undirected,201,,,4.0
8,28,Undirected,202,,,4.0
8,29,Undirected,203,,,4.0
8,30,Undirected,204,,,4.0
8,31,Undirected,205,,,4.0
8,32,Undirected,206,,,4.0
8,33,Undirected,207,,,4.0
8,34,Undirected,208,,,4.0
8,35,Undirected,209,,,4.0
8,36,Undirected,210,,,4.0
8,37,Undirected,211,,,4.0
8,38,Undirected,212,,,4.0
8,39,Undirected,213,,,4.0
8,40,Undirected,214,,,4.0
8,41,Undirected,215,,,4.0
8,42,Undirected,216,,,4.0
8,43,Undirected,217,,,4.0
8,44,Undirected,218,,,4.0
8,45,Undirected,219,,,4.0
8,46,Undirected,220,,,4.0
8,47,Undirected,221,,,4.0
8,48,Undirected,222,,,4.0
8,49,Undirected,223,,,4.0
8,50,Undirected,224,,,4.0
8,51,Undirected,225,,,4.0
8,52,Undirected,226,,,4.0
8,53,Undirected,227,,,4.0
8,54,Undirected,228,,,4.0
8,55,Undirected,229,,,4.0
8,56,Undirected,230,,,4.0
8,57,Undirected,231,,,4.0
8,58,Undirected,232,,,4.0
8,59,Undirected,233,,,4.0
8,60,Undirected,234,,,4.0
8,61,Undirected,235,,,4.0
8,62,Undirected,236,,,4.0
8,63,Undirected,237,,,4.0
8,64,Undirected,238,,,4.0
8,65,Undirected,239,,,4.0
8,66,Undirected,240,,,4.0
8,67,Undirected,241,,,4.0
8,68,Undirected,242,,,4.0
8,69,Undirected,243,,,4.0
8,70,Undirected,244,,,4.0
9,10,Undirected,245,,,4.0
9,11,Undirected,246,,,4.0
9,12,Undirected,247,,,4.0
9,13,Undirected,248,,,4.0
9,14,Undirected,249,,,4.0
9,15,Undirected,250,,,4.0
9,16,Undirected,251,,,4.0
9,17,Undirected,252,,,4.0
9,18,Undirected,253,,,4.0
9,19,Undirected,254,,,4.0
9,20,Undirected,255,,,4.0
9,21,Undirected,256,,,4.0
9,22,Undirected,257,,,4.0
9,23,Undirected,258,,,4.0
9,24,Undirected,259,,,4.0
9,25,Undirected,260,,,4.0
9,26,Undirected,261,,,4.0
9,27,Undirected,262,,,4.0
9,28,Undirected,263,,,4.0
9,29,Undirected,264,,,4.0
9,30,Undirected,265,,,4.0
9,31,Undirected,266,,,4.0
9,32,Undirected,267,,,4.0
9,33,Undirected,268,,,4.0
9,34,Undirected,269,,,4.0
9,35,Undirected,270,,,4.0
9,36,Undirected,271,,,4.0
9,37,Undirected,272,,,4.0
9,38,Undirected,273,,,4.0
9,39,Undirected,274,,,4.0
9,40,Undirected,275,,,4.0
9,41,Undirected,276,,,4.0
9,42,Undirected,277,,,4.0
9,43,Undirected,278,,,4.0
9,44,Undirected,279,,,4.0
9,45,Undirected,280,,,4.0
9,46,Undirected,281,,,4.0
9,47,Undirected,282,,,4.0
9,48,Undirected,283,,,4.0
9,49,Undirected,284,,,4.0
9,50,Undirected,285,,,4.0
9,51,Undirected,286,,,4.0
9,52,Undirected,287,,,4.0
9,53,Undirected,288,,,4.0
9,54,Undirected,289,,,4.0
9,55,Undirected,290,,,4.0
9,56,Undirected,291,,,4.0
9,57,Undirected,292,,,4.0
9,58,Undirected,293,,,4.0
9,59,Undirected,294,,,4.0
9,60,Undirected,295,,,4.0
9,61,Undirected,296,,,4.0
9,62,Undirected,297,,,4.0
9,63,Undirected,298,,,4.0
9,64,Undirected,299,,,4.0
9,65,Undirected,300,,,4.0
9,66,Undirected,301,,,4.0
9,67,Undirected,302,,,4.0
9,68,Undirected,303,,,4.0
9,8,Undirected,304,,,4.0
9,69,Undirected,305,,,4.0
9,7,Undirected,306,,,4.0
9,70,Undirected,307,,,4.0
10,7,Undirected,308,,,4.0
10,8,Undirected,309,,,4.0
10,9,Undirected,310,,,4.0
10,10,Undirected,311,,,4.0
10,11,Undirected,312,,,4.0
10,12,Undirected,313,,,4.0
10,13,Undirected,314,,,4.0
10,14,Undirected,315,,,4.0
10,15,Undirected,316,,,4.0
10,16,Undirected,317,,,4.0
10,17,Undirected,318,,,4.0
10,18,Undirected,319,,,4.0
10,19,Undirected,320,,,4.0
10,20,Undirected,321,,,4.0
10,21,Undirected,322,,,4.0
10,22,Undirected,323,,,4.0
10,23,Undirected,324,,,4.0
10,24,Undirected,325,,,4.0
10,25,Undirected,326,,,4.0
10,26,Undirected,327,,,4.0
10,27,Undirected,328,,,4.0
10,28,Undirected,329,,,4.0
10,29,Undirected,330,,,4.0
10,30,Undirected,331,,,4.0
10,31,Undirected,332,,,4.0
10,32,Undirected,333,,,4.0
10,33,Undirected,334,,,4.0
10,34,Undirected,335,,,4.0
10,35,Undirected,336,,,4.0
10,36,Undirected,337,,,4.0
10,37,Undirected,338,,,4.0
10,38,Undirected,339,,,4.0
10,39,Undirected,340,,,4.0
10,40,Undirected,341,,,4.0
10,41,Undirected,342,,,4.0
10,42,Undirected,343,,,4.0
10,43,Undirected,344,,,4.0
10,44,Undirected,345,,,4.0
10,45,Undirected,346,,,4.0
10,46,Undirected,347,,,4.0
10,47,Undirected,348,,,4.0
10,48,Undirected,349,,,4.0
10,49,Undirected,350,,,4.0
10,50,Undirected,351,,,4.0
10,51,Undirected,352,,,4.0
10,52,Undirected,353,,,4.0
10,53,Undirected,354,,,4.0
10,54,Undirected,355,,,4.0
10,55,Undirected,356,,,4.0
10,56,Undirected,357,,,4.0
10,57,Undirected,358,,,4.0
10,58,Undirected,359,,,4.0
10,59,Undirected,360,,,4.0
10,60,Undirected,361,,,4.0
10,61,Undirected,362,,,4.0
10,62,Undirected,363,,,4.0
10,63,Undirected,364,,,4.0
10,64,Undirected,365,,,4.0
10,65,Undirected,366,,,4.0
10,66,Undirected,367,,,4.0
10,67,Undirected,368,,,4.0
10,68,Undirected,369,,,4.0
10,69,Undirected,370,,,4.0
10,70,Undirected,371,,,4.0
11,7,Undirected,372,,,4.0
11,8,Undirected,373,,,4.0
11,9,Undirected,374,,,4.0
11,10,Undirected,375,,,4.0
11,11,Undirected,376,,,4.0
11,12,Undirected,377,,,4.0
11,13,Undirected,378,,,4.0
11,14,Undirected,379,,,4.0
11,15,Undirected,380,,,4.0
11,16,Undirected,381,,,4.0
11,17,Undirected,382,,,4.0
11,18,Undirected,383,,,4.0
11,19,Undirected,384,,,4.0
11,20,Undirected,385,,,4.0
11,21,Undirected,386,,,4.0
11,22,Undirected,387,,,4.0
11,23,Undirected,388,,,4.0
11,24,Undirected,389,,,4.0
11,25,Undirected,390,,,4.0
11,26,Undirected,391,,,4.0
11,27,Undirected,392,,,4.0
11,28,Undirected,393,,,4.0
11,29,Undirected,394,,,4.0
11,30,Undirected,395,,,4.0
11,31,Undirected,396,,,4.0
11,32,Undirected,397,,,4.0
11,33,Undirected,398,,,4.0
11,34,Undirected,399,,,4.0
11,35,Undirected,400,,,4.0
11,36,Undirected,401,,,4.0
11,37,Undirected,402,,,4.0
11,38,Undirected,403,,,4.0
11,39,Undirected,404,,,4.0
11,40,Undirected,405,,,4.0
11,41,Undirected,406,,,4.0
11,42,Undirected,407,,,4.0
11,43,Undirected,408,,,4.0
11,44,Undirected,409,,,4.0
11,45,Undirected,410,,,4.0
11,46,Undirected,411,,,4.0
11,47,Undirected,412,,,4.0
11,48,Undirected,413,,,4.0
11,49,Undirected,414,,,4.0
11,50,Undirected,415,,,4.0
11,51,Undirected,416,,,4.0
11,52,Undirected,417,,,4.0
11,53,Undirected,418,,,4.0
11,54,Undirected,419,,,4.0
11,55,Undirected,420,,,4.0
11,56,Undirected,421,,,4.0
11,57,Undirected,422,,,4.0
11,58,Undirected,423,,,4.0
11,59,Undirected,424,,,4.0
11,60,Undirected,425,,,4.0
11,61,Undirected,426,,,4.0
11,62,Undirected,427,,,4.0
11,63,Undirected,428,,,4.0
11,64,Undirected,429,,,4.0
11,65,Undirected,430,,,4.0
11,66,Undirected,431,,,4.0
11,67,Undirected,432,,,4.0
11,68,Undirected,433,,,4.0
11,69,Undirected,434,,,4.0
11,70,Undirected,435,,,4.0
12,7,Undirected,436,,,4.0
12,8,Undirected,437,,,4.0
12,9,Undirected,438,,,4.0
12,10,Undirected,439,,,4.0
12,11,Undirected,440,,,4.0
12,12,Undirected,441,,,4.0
12,13,Undirected,442,,,4.0
12,14,Undirected,443,,,4.0
12,15,Undirected,444,,,4.0
12,16,Undirected,445,,,4.0
12,17,Undirected,446,,,4.0
12,18,Undirected,447,,,4.0
12,19,Undirected,448,,,4.0
12,20,Undirected,449,,,4.0
12,21,Undirected,450,,,4.0
12,22,Undirected,451,,,4.0
12,23,Undirected,452,,,4.0
12,24,Undirected,453,,,4.0
12,25,Undirected,454,,,4.0
12,26,Undirected,455,,,4.0
12,27,Undirected,456,,,4.0
12,28,Undirected,457,,,4.0
12,29,Undirected,458,,,4.0
12,30,Undirected,459,,,4.0
12,31,Undirected,460,,,4.0
12,32,Undirected,461,,,4.0
12,33,Undirected,462,,,4.0
12,34,Undirected,463,,,4.0
12,35,Undirected,464,,,4.0
12,36,Undirected,465,,,4.0
12,37,Undirected,466,,,4.0
12,38,Undirected,467,,,4.0
12,39,Undirected,468,,,4.0
12,40,Undirected,469,,,4.0
12,41,Undirected,470,,,4.0
12,42,Undirected,471,,,4.0
12,43,Undirected,472,,,4.0
12,44,Undirected,473,,,4.0
12,45,Undirected,474,,,4.0
12,46,Undirected,475,,,4.0
12,47,Undirected,476,,,4.0
12,48,Undirected,477,,,4.0
12,49,Undirected,478,,,4.0
12,50,Undirected,479,,,4.0
12,51,Undirected,480,,,4.0
12,52,Undirected,481,,,4.0
12,53,Undirected,482,,,4.0
12,54,Undirected,483,,,4.0
12,55,Undirected,484,,,4.0
12,56,Undirected,485,,,4.0
12,57,Undirected,486,,,4.0
12,58,Undirected,487,,,4.0
12,59,Undirected,488,,,4.0
12,60,Undirected,489,,,4.0
12,61,Undirected,490,,,4.0
12,62,Undirected,491,,,4.0
12,63,Undirected,492,,,4.0
12,64,Undirected,493,,,4.0
12,65,Undirected,494,,,4.0
12,66,Undirected,495,,,4.0
12,67,Undirected,496,,,4.0
12,68,Undirected,497,,,4.0
12,69,Undirected,498,,,4.0
12,70,Undirected,499,,,4.0
13,7,Undirected,500,,,4.0
13,8,Undirected,501,,,4.0
13,9,Undirected,502,,,4.0
13,10,Undirected,503,,,4.0
13,11,Undirected,504,,,4.0
13,12,Undirected,505,,,4.0
13,13,Undirected,506,,,4.0
13,14,Undirected,507,,,4.0
13,15,Undirected,508,,,4.0
13,16,Undirected,509,,,4.0
13,17,Undirected,510,,,4.0
13,18,Undirected,511,,,4.0
13,19,Undirected,512,,,4.0
13,20,Undirected,513,,,4.0
13,21,Undirected,514,,,4.0
13,22,Undirected,515,,,4.0
13,23,Undirected,516,,,4.0
13,24,Undirected,517,,,4.0
13,25,Undirected,518,,,4.0
13,26,Undirected,519,,,4.0
13,27,Undirected,520,,,4.0
13,28,Undirected,521,,,4.0
13,29,Undirected,522,,,4.0
13,30,Undirected,523,,,4.0
13,31,Undirected,524,,,4.0
13,32,Undirected,525,,,4.0
13,33,Undirected,526,,,4.0
13,34,Undirected,527,,,4.0
13,35,Undirected,528,,,4.0
13,36,Undirected,529,,,4.0
13,37,Undirected,530,,,4.0
13,38,Undirected,531,,,4.0
13,39,Undirected,532,,,4.0
13,40,Undirected,533,,,4.0
13,41,Undirected,534,,,4.0
13,42,Undirected,535,,,4.0
13,43,Undirected,536,,,4.0
13,44,Undirected,537,,,4.0
13,45,Undirected,538,,,4.0
13,46,Undirected,539,,,4.0
13,47,Undirected,540,,,4.0
13,48,Undirected,541,,,4.0
13,49,Undirected,542,,,4.0
13,50,Undirected,543,,,4.0
13,51,Undirected,544,,,4.0
13,52,Undirected,545,,,4.0
13,53,Undirected,546,,,4.0
13,54,Undirected,547,,,4.0
13,55,Undirected,548,,,4.0
13,56,Undirected,549,,,4.0
13,57,Undirected,550,,,4.0
13,58,Undirected,551,,,4.0
13,59,Undirected,552,,,4.0
13,60,Undirected,553,,,4.0
13,61,Undirected,554,,,4.0
13,62,Undirected,555,,,4.0
13,63,Undirected,556,,,4.0
13,64,Undirected,557,,,4.0
13,65,Undirected,558,,,4.0
13,66,Undirected,559,,,4.0
13,67,Undirected,560,,,4.0
13,68,Undirected,561,,,4.0
13,69,Undirected,562,,,4.0
13,70,Undirected,563,,,4.0
14,7,Undirected,564,,,4.0
14,8,Undirected,565,,,4.0
14,9,Undirected,566,,,4.0
14,10,Undirected,567,,,4.0
14,11,Undirected,568,,,4.0
14,12,Undirected,569,,,4.0
14,13,Undirected,570,,,4.0
14,14,Undirected,571,,,4.0
14,15,Undirected,572,,,4.0
14,16,Undirected,573,,,4.0
14,17,Undirected,574,,,4.0
14,18,Undirected,575,,,4.0
14,19,Undirected,576,,,4.0
14,20,Undirected,577,,,4.0
14,21,Undirected,578,,,4.0
14,22,Undirected,579,,,4.0
14,23,Undirected,580,,,4.0
14,24,Undirected,581,,,4.0
14,25,Undirected,582,,,4.0
14,26,Undirected,583,,,4.0
14,27,Undirected,584,,,4.0
14,28,Undirected,585,,,4.0
14,29,Undirected,586,,,4.0
14,30,Undirected,587,,,4.0
14,31,Undirected,588,,,4.0
14,32,Undirected,589,,,4.0
14,33,Undirected,590,,,4.0
14,34,Undirected,591,,,4.0
14,35,Undirected,592,,,4.0
14,36,Undirected,593,,,4.0
14,37,Undirected,594,,,4.0
14,38,Undirected,595,,,4.0
14,39,Undirected,596,,,4.0
14,40,Undirected,597,,,4.0
14,41,Undirected,598,,,4.0
14,42,Undirected,599,,,4.0
14,43,Undirected,600,,,4.0
14,44,Undirected,601,,,4.0
14,45,Undirected,602,,,4.0
14,46,Undirected,603,,,4.0
14,47,Undirected,604,,,4.0
14,48,Undirected,605,,,4.0
14,49,Undirected,606,,,4.0
14,50,Undirected,607,,,4.0
14,51,Undirected,608,,,4.0
14,52,Undirected,609,,,4.0
14,53,Undirected,610,,,4.0
14,54,Undirected,611,,,4.0
14,55,Undirected,612,,,4.0
14,56,Undirected,613,,,4.0
14,57,Undirected,614,,,4.0
14,58,Undirected,615,,,4.0
14,59,Undirected,616,,,4.0
14,60,Undirected,617,,,4.0
14,61,Undirected,618,,,4.0
14,62,Undirected,619,,,4.0
14,63,Undirected,620,,,4.0
14,64,Undirected,621,,,4.0
14,65,Undirected,622,,,4.0
14,66,Undirected,623,,,4.0
14,67,Undirected,624,,,4.0
14,68,Undirected,625,,,4.0
14,69,Undirected,626,,,4.0
14,70,Undirected,627,,,4.0
15,7,Undirected,628,,,4.0
15,8,Undirected,629,,,4.0
15,9,Undirected,630,,,4.0
15,10,Undirected,631,,,4.0
15,11,Undirected,632,,,4.0
15,12,Undirected,633,,,4.0
15,13,Undirected,634,,,4.0
15,14,Undirected,635,,,4.0
15,15,Undirected,636,,,4.0
15,16,Undirected,637,,,4.0
15,17,Undirected,638,,,4.0
15,18,Undirected,639,,,4.0
15,19,Undirected,640,,,4.0
15,20,Undirected,641,,,4.0
15,21,Undirected,642,,,4.0
15,22,Undirected,643,,,4.0
15,23,Undirected,644,,,4.0
15,24,Undirected,645,,,4.0
15,25,Undirected,646,,,4.0
15,26,Undirected,647,,,4.0
15,27,Undirected,648,,,4.0
15,28,Undirected,649,,,4.0
15,29,Undirected,650,,,4.0
15,30,Undirected,651,,,4.0
15,31,Undirected,652,,,4.0
15,32,Undirected,653,,,4.0
15,33,Undirected,654,,,4.0
15,34,Undirected,655,,,4.0
15,35,Undirected,656,,,4.0
15,36,Undirected,657,,,4.0
15,37,Undirected,658,,,4.0
15,38,Undirected,659,,,4.0
15,39,Undirected,660,,,4.0
15,40,Undirected,661,,,4.0
15,41,Undirected,662,,,4.0
15,42,Undirected,663,,,4.0
15,43,Undirected,664,,,4.0
15,44,Undirected,665,,,4.0
15,45,Undirected,666,,,4.0
15,46,Undirected,667,,,4.0
15,47,Undirected,668,,,4.0
15,48,Undirected,669,,,4.0
15,49,Undirected,670,,,4.0
15,50,Undirected,671,,,4.0
15,51,Undirected,672,,,4.0
15,52,Undirected,673,,,4.0
15,53,Undirected,674,,,4.0
15,54,Undirected,675,,,4.0
15,55,Undirected,676,,,4.0
15,56,Undirected,677,,,4.0
15,57,Undirected,678,,,4.0
15,58,Undirected,679,,,4.0
15,59,Undirected,680,,,4.0
15,60,Undirected,681,,,4.0
15,61,Undirected,682,,,4.0
15,62,Undirected,683,,,4.0
15,63,Undirected,684,,,4.0
15,64,Undirected,685,,,4.0
15,65,Undirected,686,,,4.0
15,66,Undirected,687,,,4.0
15,67,Undirected,688,,,4.0
15,68,Undirected,689,,,4.0
15,69,Undirected,690,,,4.0
15,70,Undirected,691,,,4.0
16,17,Undirected,692,,,4.0
16,18,Undirected,693,,,4.0
16,19,Undirected,694,,,4.0
16,20,Undirected,695,,,4.0
16,21,Undirected,696,,,4.0
16,22,Undirected,697,,,4.0
16,23,Undirected,698,,,4.0
16,24,Undirected,699,,,4.0
16,25,Undirected,700,,,4.0
16,26,Undirected,701,,,4.0
16,27,Undirected,702,,,4.0
16,28,Undirected,703,,,4.0
16,29,Undirected,704,,,4.0
16,30,Undirected,705,,,4.0
16,31,Undirected,706,,,4.0
16,32,Undirected,707,,,4.0
16,33,Undirected,708,,,4.0
16,34,Undirected,709,,,4.0
16,35,Undirected,710,,,4.0
16,36,Undirected,711,,,4.0
16,37,Undirected,712,,,4.0
16,38,Undirected,713,,,4.0
16,39,Undirected,714,,,4.0
16,40,Undirected,715,,,4.0
16,41,Undirected,716,,,4.0
16,42,Undirected,717,,,4.0
16,43,Undirected,718,,,4.0
16,44,Undirected,719,,,4.0
16,45,Undirected,720,,,4.0
16,46,Undirected,721,,,4.0
16,47,Undirected,722,,,4.0
16,48,Undirected,723,,,4.0
16,49,Undirected,724,,,4.0
16,50,Undirected,725,,,4.0
16,51,Undirected,726,,,4.0
16,52,Undirected,727,,,4.0
16,53,Undirected,728,,,4.0
16,54,Undirected,729,,,4.0
16,55,Undirected,730,,,4.0
16,56,Undirected,731,,,4.0
16,57,Undirected,732,,,4.0
16,58,Undirected,733,,,4.0
16,59,Undirected,734,,,4.0
16,60,Undirected,735,,,4.0
16,61,Undirected,736,,,4.0
16,62,Undirected,737,,,4.0
16,63,Undirected,738,,,4.0
16,64,Undirected,739,,,4.0
16,65,Undirected,740,,,4.0
16,66,Undirected,741,,,4.0
16,67,Undirected,742,,,4.0
16,68,Undirected,743,,,4.0
16,69,Undirected,744,,,4.0
16,70,Undirected,745,,,4.0
17,18,Directed,746,,,4.0
17,19,Undirected,747,,,4.0
17,20,Undirected,748,,,4.0
17,21,Undirected,749,,,4.0
17,22,Undirected,750,,,4.0
17,23,Undirected,751,,,4.0
17,24,Undirected,752,,,4.0
17,25,Undirected,753,,,4.0
17,26,Undirected,754,,,4.0
17,27,Undirected,755,,,4.0
17,28,Undirected,756,,,4.0
17,29,Undirected,757,,,4.0
17,30,Undirected,758,,,4.0
17,31,Undirected,759,,,4.0
17,32,Undirected,760,,,4.0
17,33,Undirected,761,,,4.0
17,34,Undirected,762,,,4.0
17,35,Undirected,763,,,4.0
17,36,Undirected,764,,,4.0
17,37,Undirected,765,,,4.0
17,38,Undirected,766,,,4.0
17,39,Undirected,767,,,4.0
17,40,Undirected,768,,,4.0
17,41,Undirected,769,,,4.0
17,42,Undirected,770,,,4.0
17,43,Undirected,771,,,4.0
17,44,Undirected,772,,,4.0
17,45,Undirected,773,,,4.0
17,46,Undirected,774,,,4.0
17,47,Undirected,775,,,4.0
17,48,Undirected,776,,,4.0
17,49,Undirected,777,,,4.0
17,50,Undirected,778,,,4.0
17,51,Undirected,779,,,4.0
17,52,Undirected,780,,,4.0
17,53,Undirected,781,,,4.0
17,54,Undirected,782,,,4.0
17,55,Undirected,783,,,4.0
17,56,Undirected,784,,,4.0
17,57,Undirected,785,,,4.0
17,58,Undirected,786,,,4.0
17,59,Undirected,787,,,4.0
17,60,Undirected,788,,,4.0
17,61,Undirected,789,,,4.0
17,62,Undirected,790,,,4.0
17,63,Undirected,791,,,4.0
17,64,Undirected,792,,,4.0
17,65,Undirected,793,,,4.0
17,66,Undirected,794,,,4.0
17,67,Undirected,795,,,4.0
17,68,Undirected,796,,,4.0
17,69,Undirected,797,,,4.0
17,70,Undirected,798,,,4.0
18,19,Undirected,799,,,4.0
18,20,Undirected,800,,,4.0
18,21,Undirected,801,,,4.0
18,22,Undirected,802,,,4.0
18,23,Undirected,803,,,4.0
18,24,Undirected,804,,,4.0
18,25,Undirected,805,,,4.0
18,26,Undirected,806,,,4.0
18,27,Undirected,807,,,4.0
18,28,Undirected,808,,,4.0
18,29,Undirected,809,,,4.0
18,30,Undirected,810,,,4.0
18,31,Undirected,811,,,4.0
18,32,Undirected,812,,,4.0
18,33,Undirected,813,,,4.0
18,34,Undirected,814,,,4.0
18,35,Undirected,815,,,4.0
18,36,Undirected,816,,,4.0
18,37,Undirected,817,,,4.0
18,38,Undirected,818,,,4.0
18,39,Undirected,819,,,4.0
18,40,Undirected,820,,,4.0
18,41,Undirected,821,,,4.0
18,42,Undirected,822,,,4.0
18,43,Undirected,823,,,4.0
18,44,Undirected,824,,,4.0
18,45,Undirected,825,,,4.0
18,46,Undirected,826,,,4.0
18,47,Undirected,827,,,4.0
18,48,Undirected,828,,,4.0
18,49,Undirected,829,,,4.0
18,50,Undirected,830,,,4.0
18,51,Undirected,831,,,4.0
18,52,Undirected,832,,,4.0
18,53,Undirected,833,,,4.0
18,54,Undirected,834,,,4.0
18,55,Undirected,835,,,4.0
18,56,Undirected,836,,,4.0
18,57,Undirected,837,,,4.0
18,58,Undirected,838,,,4.0
18,59,Undirected,839,,,4.0
18,60,Undirected,840,,,4.0
18,61,Undirected,841,,,4.0
18,62,Undirected,842,,,4.0
18,63,Undirected,843,,,4.0
18,64,Undirected,844,,,4.0
18,65,Undirected,845,,,4.0
18,66,Undirected,846,,,4.0
18,67,Undirected,847,,,4.0
18,68,Undirected,848,,,4.0
18,69,Undirected,849,,,4.0
18,70,Undirected,850,,,4.0
19,20,Undirected,851,,,4.0
19,21,Undirected,852,,,4.0
19,22,Undirected,853,,,4.0
19,23,Undirected,854,,,4.0
19,24,Undirected,855,,,4.0
19,25,Undirected,856,,,4.0
19,26,Undirected,857,,,4.0
19,27,Undirected,858,,,4.0
19,28,Undirected,859,,,4.0
19,29,Undirected,860,,,4.0
19,30,Undirected,861,,,4.0
19,31,Undirected,862,,,4.0
19,32,Undirected,863,,,4.0
19,33,Undirected,864,,,4.0
19,34,Undirected,865,,,4.0
19,35,Undirected,866,,,4.0
19,36,Undirected,867,,,4.0
19,37,Undirected,868,,,4.0
19,38,Undirected,869,,,4.0
19,39,Undirected,870,,,4.0
19,40,Undirected,871,,,4.0
19,41,Undirected,872,,,4.0
19,42,Undirected,873,,,4.0
19,43,Undirected,874,,,4.0
19,44,Undirected,875,,,4.0
19,45,Undirected,876,,,4.0
19,46,Undirected,877,,,4.0
19,47,Undirected,878,,,4.0
19,48,Undirected,879,,,4.0
19,49,Undirected,880,,,4.0
19,50,Undirected,881,,,4.0
19,51,Undirected,882,,,4.0
19,52,Undirected,883,,,4.0
19,53,Undirected,884,,,4.0
19,54,Undirected,885,,,4.0
19,55,Undirected,886,,,4.0
19,56,Undirected,887,,,4.0
19,57,Undirected,888,,,4.0
19,58,Undirected,889,,,4.0
19,59,Undirected,890,,,4.0
19,60,Undirected,891,,,4.0
19,61,Undirected,892,,,4.0
19,62,Undirected,893,,,4.0
19,63,Undirected,894,,,4.0
19,64,Undirected,895,,,4.0
19,65,Undirected,896,,,4.0
19,66,Undirected,897,,,4.0
19,67,Undirected,898,,,4.0
19,68,Undirected,899,,,4.0
19,69,Undirected,900,,,4.0
19,70,Undirected,901,,,4.0
20,21,Undirected,902,,,4.0
20,22,Undirected,903,,,4.0
20,23,Undirected,904,,,4.0
20,24,Undirected,905,,,4.0
20,25,Undirected,906,,,4.0
20,26,Undirected,907,,,4.0
20,27,Undirected,908,,,4.0
20,28,Undirected,909,,,4.0
20,29,Undirected,910,,,4.0
20,30,Undirected,911,,,4.0
20,31,Undirected,912,,,4.0
20,32,Undirected,913,,,4.0
20,33,Undirected,914,,,4.0
20,34,Undirected,915,,,4.0
20,35,Undirected,916,,,4.0
20,36,Undirected,917,,,4.0
20,37,Undirected,918,,,4.0
20,38,Undirected,919,,,4.0
20,39,Undirected,920,,,4.0
20,40,Undirected,921,,,4.0
20,41,Undirected,922,,,4.0
20,42,Undirected,923,,,4.0
20,43,Undirected,924,,,4.0
20,44,Undirected,925,,,4.0
20,45,Undirected,926,,,4.0
20,46,Undirected,927,,,4.0
20,47,Undirected,928,,,4.0
20,48,Undirected,929,,,4.0
20,49,Undirected,930,,,4.0
20,50,Undirected,931,,,4.0
20,51,Undirected,932,,,4.0
20,52,Undirected,933,,,4.0
20,53,Undirected,934,,,4.0
20,54,Undirected,935,,,4.0
20,55,Undirected,936,,,4.0
20,56,Undirected,937,,,4.0
20,57,Undirected,938,,,4.0
20,58,Undirected,939,,,4.0
20,59,Undirected,940,,,4.0
20,60,Undirected,941,,,4.0
20,61,Undirected,942,,,4.0
20,62,Undirected,943,,,4.0
20,63,Undirected,944,,,4.0
20,64,Undirected,945,,,4.0
20,65,Undirected,946,,,4.0
20,66,Undirected,947,,,4.0
20,67,Undirected,948,,,4.0
20,68,Undirected,949,,,4.0
20,69,Undirected,950,,,4.0
20,70,Undirected,951,,,4.0
21,22,Undirected,952,,,4.0
21,23,Undirected,953,,,4.0
21,24,Undirected,954,,,4.0
21,25,Undirected,955,,,4.0
21,26,Undirected,956,,,4.0
21,27,Undirected,957,,,4.0
21,28,Undirected,958,,,4.0
21,29,Undirected,959,,,4.0
21,30,Undirected,960,,,4.0
21,31,Undirected,961,,,4.0
21,32,Undirected,962,,,4.0
21,33,Undirected,963,,,4.0
21,34,Undirected,964,,,4.0
21,35,Undirected,965,,,4.0
21,36,Undirected,966,,,4.0
21,37,Undirected,967,,,4.0
21,38,Undirected,968,,,4.0
21,39,Undirected,969,,,4.0
21,40,Undirected,970,,,4.0
21,41,Undirected,971,,,4.0
21,42,Undirected,972,,,4.0
21,43,Undirected,973,,,4.0
21,44,Undirected,974,,,4.0
21,45,Undirected,975,,,4.0
21,46,Undirected,976,,,4.0
21,47,Undirected,977,,,4.0
21,48,Undirected,978,,,4.0
21,49,Undirected,979,,,4.0
21,50,Undirected,980,,,4.0
21,51,Undirected,981,,,4.0
21,52,Undirected,982,,,4.0
21,53,Undirected,983,,,4.0
21,54,Undirected,984,,,4.0
21,55,Undirected,985,,,4.0
21,56,Undirected,986,,,4.0
21,57,Undirected,987,,,4.0
21,58,Undirected,988,,,4.0
21,59,Undirected,989,,,4.0
21,60,Undirected,990,,,4.0
21,61,Undirected,991,,,4.0
21,62,Undirected,992,,,4.0
21,63,Undirected,993,,,4.0
21,64,Undirected,994,,,4.0
21,65,Undirected,995,,,4.0
21,66,Undirected,996,,,4.0
21,67,Undirected,997,,,4.0
21,68,Undirected,998,,,4.0
21,69,Undirected,999,,,4.0
21,70,Undirected,1000,,,4.0
22,23,Undirected,1001,,,4.0
22,24,Undirected,1002,,,4.0
22,25,Undirected,1003,,,4.0
22,26,Undirected,1004,,,4.0
22,27,Undirected,1005,,,4.0
22,28,Undirected,1006,,,4.0
22,29,Undirected,1007,,,4.0
22,30,Undirected,1008,,,4.0
22,31,Undirected,1009,,,4.0
22,32,Undirected,1010,,,4.0
22,33,Undirected,1011,,,4.0
22,34,Undirected,1012,,,4.0
22,35,Undirected,1013,,,4.0
22,36,Undirected,1014,,,4.0
22,37,Undirected,1015,,,4.0
22,38,Undirected,1016,,,4.0
22,39,Undirected,1017,,,4.0
22,40,Undirected,1018,,,4.0
22,41,Undirected,1019,,,4.0
22,42,Undirected,1020,,,4.0
22,43,Undirected,1021,,,4.0
22,44,Undirected,1022,,,4.0
22,45,Undirected,1023,,,4.0
22,46,Undirected,1024,,,4.0
22,47,Undirected,1025,,,4.0
22,48,Undirected,1026,,,4.0
22,49,Undirected,1027,,,4.0
22,50,Undirected,1028,,,4.0
22,51,Undirected,1029,,,4.0
22,52,Undirected,1030,,,4.0
22,53,Undirected,1031,,,4.0
22,54,Undirected,1032,,,4.0
22,55,Undirected,1033,,,4.0
22,56,Undirected,1034,,,4.0
22,57,Undirected,1035,,,4.0
22,58,Undirected,1036,,,4.0
22,59,Undirected,1037,,,4.0
22,60,Undirected,1038,,,4.0
22,61,Undirected,1039,,,4.0
22,62,Undirected,1040,,,4.0
22,63,Undirected,1041,,,4.0
22,64,Undirected,1042,,,4.0
22,65,Undirected,1043,,,4.0
22,66,Undirected,1044,,,4.0
22,67,Undirected,1045,,,4.0
22,68,Undirected,1046,,,4.0
22,69,Undirected,1047,,,4.0
22,70,Undirected,1048,,,4.0
23,24,Undirected,1049,,,4.0
23,25,Undirected,1050,,,4.0
23,26,Undirected,1051,,,4.0
23,27,Undirected,1052,,,4.0
23,28,Undirected,1053,,,4.0
23,29,Undirected,1054,,,4.0
23,30,Undirected,1055,,,4.0
23,31,Undirected,1056,,,4.0
23,32,Undirected,1057,,,4.0
23,33,Undirected,1058,,,4.0
23,34,Undirected,1059,,,4.0
23,35,Undirected,1060,,,4.0
23,36,Undirected,1061,,,4.0
23,37,Undirected,1062,,,4.0
23,38,Undirected,1063,,,4.0
23,39,Undirected,1064,,,4.0
23,40,Undirected,1065,,,4.0
23,41,Undirected,1066,,,4.0
23,42,Undirected,1067,,,4.0
23,43,Undirected,1068,,,4.0
23,44,Undirected,1069,,,4.0
23,45,Undirected,1070,,,4.0
23,46,Undirected,1071,,,4.0
23,47,Undirected,1072,,,4.0
23,48,Undirected,1073,,,4.0
23,49,Undirected,1074,,,4.0
23,50,Undirected,1075,,,4.0
23,51,Undirected,1076,,,4.0
23,52,Undirected,1077,,,4.0
23,53,Undirected,1078,,,4.0
23,54,Undirected,1079,,,4.0
23,55,Undirected,1080,,,4.0
23,56,Undirected,1081,,,4.0
23,57,Undirected,1082,,,4.0
23,58,Undirected,1083,,,4.0
23,59,Undirected,1084,,,4.0
23,60,Undirected,1085,,,4.0
23,61,Undirected,1086,,,4.0
23,62,Undirected,1087,,,4.0
23,63,Undirected,1088,,,4.0
23,64,Undirected,1089,,,4.0
23,65,Undirected,1090,,,4.0
23,66,Undirected,1091,,,4.0
23,67,Undirected,1092,,,4.0
23,68,Undirected,1093,,,4.0
23,69,Undirected,1094,,,4.0
23,70,Undirected,1095,,,4.0
24,25,Undirected,1096,,,4.0
24,26,Undirected,1097,,,4.0
24,27,Undirected,1098,,,4.0
24,28,Undirected,1099,,,4.0
24,29,Undirected,1100,,,4.0
24,30,Undirected,1101,,,4.0
24,31,Undirected,1102,,,4.0
24,32,Undirected,1103,,,4.0
24,33,Undirected,1104,,,4.0
24,34,Undirected,1105,,,4.0
24,35,Undirected,1106,,,4.0
24,36,Undirected,1107,,,4.0
24,37,Undirected,1108,,,4.0
24,38,Undirected,1109,,,4.0
24,39,Undirected,1110,,,4.0
24,40,Undirected,1111,,,4.0
24,41,Undirected,1112,,,4.0
24,42,Undirected,1113,,,4.0
24,43,Undirected,1114,,,4.0
24,44,Undirected,1115,,,4.0
24,45,Undirected,1116,,,4.0
24,46,Undirected,1117,,,4.0
24,47,Undirected,1118,,,4.0
24,48,Undirected,1119,,,4.0
24,49,Undirected,1120,,,4.0
24,50,Undirected,1121,,,4.0
24,51,Undirected,1122,,,4.0
24,52,Undirected,1123,,,4.0
24,53,Undirected,1124,,,4.0
24,54,Undirected,1125,,,4.0
24,55,Undirected,1126,,,4.0
24,56,Undirected,1127,,,4.0
24,57,Undirected,1128,,,4.0
24,58,Undirected,1129,,,4.0
24,59,Undirected,1130,,,4.0
24,60,Undirected,1131,,,4.0
24,61,Undirected,1132,,,4.0
24,62,Undirected,1133,,,4.0
24,63,Undirected,1134,,,4.0
24,64,Undirected,1135,,,4.0
24,65,Undirected,1136,,,4.0
24,66,Undirected,1137,,,4.0
24,67,Undirected,1138,,,4.0
24,68,Undirected,1139,,,4.0
24,69,Undirected,1140,,,4.0
24,70,Undirected,1141,,,4.0
25,26,Undirected,1142,,,4.0
25,27,Undirected,1143,,,4.0
25,28,Undirected,1144,,,4.0
25,29,Undirected,1145,,,4.0
25,30,Undirected,1146,,,4.0
25,31,Undirected,1147,,,4.0
25,32,Undirected,1148,,,4.0
25,33,Undirected,1149,,,4.0
25,34,Undirected,1150,,,4.0
25,35,Undirected,1151,,,4.0
25,36,Undirected,1152,,,4.0
25,37,Undirected,1153,,,4.0
25,38,Undirected,1154,,,4.0
25,39,Undirected,1155,,,4.0
25,40,Undirected,1156,,,4.0
25,41,Undirected,1157,,,4.0
25,42,Undirected,1158,,,4.0
25,43,Undirected,1159,,,4.0
25,44,Undirected,1160,,,4.0
25,45,Undirected,1161,,,4.0
25,46,Undirected,1162,,,4.0
25,47,Undirected,1163,,,4.0
25,48,Undirected,1164,,,4.0
25,49,Undirected,1165,,,4.0
25,50,Undirected,1166,,,4.0
25,51,Undirected,1167,,,4.0
25,52,Undirected,1168,,,4.0
25,53,Undirected,1169,,,4.0
25,54,Undirected,1170,,,4.0
25,55,Undirected,1171,,,4.0
25,56,Undirected,1172,,,4.0
25,57,Undirected,1173,,,4.0
25,58,Undirected,1174,,,4.0
25,59,Undirected,1175,,,4.0
25,60,Undirected,1176,,,4.0
25,61,Undirected,1177,,,4.0
25,62,Undirected,1178,,,4.0
25,63,Undirected,1179,,,4.0
25,64,Undirected,1180,,,4.0
25,65,Undirected,1181,,,4.0
25,66,Undirected,1182,,,4.0
25,67,Undirected,1183,,,4.0
25,68,Undirected,1184,,,4.0
25,69,Undirected,1185,,,4.0
25,70,Undirected,1186,,,4.0
26,27,Undirected,1187,,,4.0
26,28,Undirected,1188,,,4.0
26,29,Undirected,1189,,,4.0
26,30,Undirected,1190,,,4.0
26,31,Undirected,1191,,,4.0
26,32,Undirected,1192,,,4.0
26,33,Undirected,1193,,,4.0
26,34,Undirected,1194,,,4.0
26,35,Undirected,1195,,,4.0
26,36,Undirected,1196,,,4.0
26,37,Undirected,1197,,,4.0
26,38,Undirected,1198,,,4.0
26,39,Undirected,1199,,,4.0
26,40,Undirected,1200,,,4.0
26,41,Undirected,1201,,,4.0
26,42,Undirected,1202,,,4.0
26,43,Undirected,1203,,,4.0
26,44,Undirected,1204,,,4.0
26,45,Undirected,1205,,,4.0
26,46,Undirected,1206,,,4.0
26,47,Undirected,1207,,,4.0
26,48,Undirected,1208,,,4.0
26,49,Undirected,1209,,,4.0
26,50,Undirected,1210,,,4.0
26,51,Undirected,1211,,,4.0
26,52,Undirected,1212,,,4.0
26,53,Undirected,1213,,,4.0
26,54,Undirected,1214,,,4.0
26,55,Undirected,1215,,,4.0
26,56,Undirected,1216,,,4.0
26,57,Undirected,1217,,,4.0
26,58,Undirected,1218,,,4.0
26,59,Undirected,1219,,,4.0
26,60,Undirected,1220,,,4.0
26,61,Undirected,1221,,,4.0
26,62,Undirected,1222,,,4.0
26,63,Undirected,1223,,,4.0
26,64,Undirected,1224,,,4.0
26,65,Undirected,1225,,,4.0
26,66,Undirected,1226,,,4.0
26,67,Undirected,1227,,,4.0
26,68,Undirected,1228,,,4.0
26,69,Undirected,1229,,,4.0
26,70,Undirected,1230,,,4.0
27,28,Undirected,1231,,,4.0
27,29,Undirected,1232,,,4.0
27,30,Undirected,1233,,,4.0
27,31,Undirected,1234,,,4.0
27,32,Undirected,1235,,,4.0
27,33,Undirected,1236,,,4.0
27,34,Undirected,1237,,,4.0
27,35,Undirected,1238,,,4.0
27,36,Undirected,1239,,,4.0
27,37,Undirected,1240,,,4.0
27,38,Undirected,1241,,,4.0
27,39,Undirected,1242,,,4.0
27,40,Undirected,1243,,,4.0
27,41,Undirected,1244,,,4.0
27,42,Undirected,1245,,,4.0
27,43,Undirected,1246,,,4.0
27,44,Undirected,1247,,,4.0
27,45,Undirected,1248,,,4.0
27,46,Undirected,1249,,,4.0
27,47,Undirected,1250,,,4.0
27,48,Undirected,1251,,,4.0
27,49,Undirected,1252,,,4.0
27,50,Undirected,1253,,,4.0
27,51,Undirected,1254,,,4.0
27,52,Undirected,1255,,,4.0
27,53,Undirected,1256,,,4.0
27,54,Undirected,1257,,,4.0
27,55,Undirected,1258,,,4.0
27,56,Undirected,1259,,,4.0
27,57,Undirected,1260,,,4.0
27,58,Undirected,1261,,,4.0
27,59,Undirected,1262,,,4.0
27,60,Undirected,1263,,,4.0
27,61,Undirected,1264,,,4.0
27,62,Undirected,1265,,,4.0
27,63,Undirected,1266,,,4.0
27,64,Undirected,1267,,,4.0
27,65,Undirected,1268,,,4.0
27,66,Undirected,1269,,,4.0
27,67,Undirected,1270,,,4.0
27,68,Undirected,1271,,,4.0
27,69,Undirected,1272,,,4.0
27,70,Undirected,1273,,,4.0
28,29,Undirected,1274,,,4.0
28,30,Undirected,1275,,,4.0
28,31,Undirected,1276,,,4.0
28,32,Undirected,1277,,,4.0
28,33,Undirected,1278,,,4.0
28,34,Undirected,1279,,,4.0
28,35,Undirected,1280,,,4.0
28,36,Undirected,1281,,,4.0
28,37,Undirected,1282,,,4.0
28,38,Undirected,1283,,,4.0
28,39,Undirected,1284,,,4.0
28,40,Undirected,1285,,,4.0
28,41,Undirected,1286,,,4.0
28,42,Undirected,1287,,,4.0
28,43,Undirected,1288,,,4.0
28,44,Undirected,1289,,,4.0
28,45,Undirected,1290,,,4.0
28,46,Undirected,1291,,,4.0
28,47,Undirected,1292,,,4.0
28,48,Undirected,1293,,,4.0
28,49,Undirected,1294,,,4.0
28,50,Undirected,1295,,,4.0
28,51,Undirected,1296,,,4.0
28,52,Undirected,1297,,,4.0
28,53,Undirected,1298,,,4.0
28,54,Undirected,1299,,,4.0
28,55,Undirected,1300,,,4.0
28,56,Undirected,1301,,,4.0
28,57,Undirected,1302,,,4.0
28,58,Undirected,1303,,,4.0
28,59,Undirected,1304,,,4.0
28,60,Undirected,1305,,,4.0
28,61,Undirected,1306,,,4.0
28,62,Undirected,1307,,,4.0
28,63,Undirected,1308,,,4.0
28,64,Undirected,1309,,,4.0
28,65,Undirected,1310,,,4.0
28,66,Undirected,1311,,,4.0
28,67,Undirected,1312,,,4.0
28,68,Undirected,1313,,,4.0
28,69,Undirected,1314,,,4.0
28,70,Undirected,1315,,,4.0
29,30,Undirected,1316,,,4.0
29,31,Undirected,1317,,,4.0
29,32,Undirected,1318,,,4.0
29,33,Undirected,1319,,,4.0
29,34,Undirected,1320,,,4.0
29,35,Undirected,1321,,,4.0
29,36,Undirected,1322,,,4.0
29,37,Undirected,1323,,,4.0
29,38,Undirected,1324,,,4.0
29,39,Undirected,1325,,,4.0
29,40,Undirected,1326,,,4.0
29,41,Undirected,1327,,,4.0
29,42,Undirected,1328,,,4.0
29,43,Undirected,1329,,,4.0
29,44,Undirected,1330,,,4.0
29,45,Undirected,1331,,,4.0
29,46,Undirected,1332,,,4.0
29,47,Undirected,1333,,,4.0
29,48,Undirected,1334,,,4.0
29,49,Undirected,1335,,,4.0
29,50,Undirected,1336,,,4.0
29,51,Undirected,1337,,,4.0
29,52,Undirected,1338,,,4.0
29,53,Undirected,1339,,,4.0
29,54,Undirected,1340,,,4.0
29,55,Undirected,1341,,,4.0
29,56,Undirected,1342,,,4.0
29,57,Undirected,1343,,,4.0
29,58,Undirected,1344,,,4.0
29,59,Undirected,1345,,,4.0
29,60,Undirected,1346,,,4.0
29,61,Undirected,1347,,,4.0
29,62,Undirected,1348,,,4.0
29,63,Undirected,1349,,,4.0
29,64,Undirected,1350,,,4.0
29,65,Undirected,1351,,,4.0
29,66,Undirected,1352,,,4.0
29,67,Undirected,1353,,,4.0
29,68,Undirected,1354,,,4.0
29,69,Undirected,1355,,,4.0
29,70,Undirected,1356,,,4.0
30,31,Undirected,1357,,,4.0
30,32,Undirected,1358,,,4.0
30,33,Undirected,1359,,,4.0
30,34,Undirected,1360,,,4.0
30,35,Undirected,1361,,,4.0
30,36,Undirected,1362,,,4.0
30,37,Undirected,1363,,,4.0
30,38,Undirected,1364,,,4.0
30,39,Undirected,1365,,,4.0
30,40,Undirected,1366,,,4.0
30,41,Undirected,1367,,,4.0
30,42,Undirected,1368,,,4.0
30,43,Undirected,1369,,,4.0
30,44,Undirected,1370,,,4.0
30,45,Undirected,1371,,,4.0
30,46,Undirected,1372,,,4.0
30,47,Undirected,1373,,,4.0
30,48,Undirected,1374,,,4.0
30,49,Undirected,1375,,,4.0
30,50,Undirected,1376,,,4.0
30,51,Undirected,1377,,,4.0
30,52,Undirected,1378,,,4.0
30,53,Undirected,1379,,,4.0
30,54,Undirected,1380,,,4.0
30,55,Undirected,1381,,,4.0
30,56,Undirected,1382,,,4.0
30,57,Undirected,1383,,,4.0
30,58,Undirected,1384,,,4.0
30,59,Undirected,1385,,,4.0
30,60,Undirected,1386,,,4.0
30,61,Undirected,1387,,,4.0
30,62,Undirected,1388,,,4.0
30,63,Undirected,1389,,,4.0
30,64,Undirected,1390,,,4.0
30,65,Undirected,1391,,,4.0
30,66,Undirected,1392,,,4.0
30,67,Undirected,1393,,,4.0
30,68,Undirected,1394,,,4.0
30,69,Undirected,1395,,,4.0
30,70,Undirected,1396,,,4.0
31,32,Undirected,1397,,,4.0
31,33,Undirected,1398,,,4.0
31,34,Undirected,1399,,,4.0
31,35,Undirected,1400,,,4.0
31,36,Undirected,1401,,,4.0
31,37,Undirected,1402,,,4.0
31,38,Undirected,1403,,,4.0
31,39,Undirected,1404,,,4.0
31,40,Undirected,1405,,,4.0
31,41,Undirected,1406,,,4.0
31,42,Undirected,1407,,,4.0
31,43,Undirected,1408,,,4.0
31,44,Undirected,1409,,,4.0
31,45,Undirected,1410,,,4.0
31,46,Undirected,1411,,,4.0
31,47,Undirected,1412,,,4.0
31,48,Undirected,1413,,,4.0
31,49,Undirected,1414,,,4.0
31,50,Undirected,1415,,,4.0
31,51,Undirected,1416,,,4.0
31,52,Undirected,1417,,,4.0
31,53,Undirected,1418,,,4.0
31,54,Undirected,1419,,,4.0
31,55,Undirected,1420,,,4.0
31,56,Undirected,1421,,,4.0
31,57,Undirected,1422,,,4.0
31,58,Undirected,1423,,,4.0
31,59,Undirected,1424,,,4.0
31,60,Undirected,1425,,,4.0
31,61,Undirected,1426,,,4.0
31,62,Undirected,1427,,,4.0
31,63,Undirected,1428,,,4.0
31,64,Undirected,1429,,,4.0
31,65,Undirected,1430,,,4.0
31,66,Undirected,1431,,,4.0
31,67,Undirected,1432,,,4.0
31,68,Undirected,1433,,,4.0
31,69,Undirected,1434,,,4.0
31,70,Undirected,1435,,,4.0
32,33,Undirected,1436,,,4.0
32,34,Undirected,1437,,,4.0
32,35,Undirected,1438,,,4.0
32,36,Undirected,1439,,,4.0
32,37,Undirected,1440,,,4.0
32,38,Undirected,1441,,,4.0
32,39,Undirected,1442,,,4.0
32,40,Undirected,1443,,,4.0
32,41,Undirected,1444,,,4.0
32,42,Undirected,1445,,,4.0
32,43,Undirected,1446,,,4.0
32,44,Undirected,1447,,,4.0
32,45,Undirected,1448,,,4.0
32,46,Undirected,1449,,,4.0
32,47,Undirected,1450,,,4.0
32,48,Undirected,1451,,,4.0
32,49,Undirected,1452,,,4.0
32,50,Undirected,1453,,,4.0
32,51,Undirected,1454,,,4.0
32,52,Undirected,1455,,,4.0
32,53,Undirected,1456,,,4.0
32,54,Undirected,1457,,,4.0
32,55,Undirected,1458,,,4.0
32,56,Undirected,1459,,,4.0
32,57,Undirected,1460,,,4.0
32,58,Undirected,1461,,,4.0
32,59,Undirected,1462,,,4.0
32,60,Undirected,1463,,,4.0
32,61,Undirected,1464,,,4.0
32,62,Undirected,1465,,,4.0
32,63,Undirected,1466,,,4.0
32,64,Undirected,1467,,,4.0
32,65,Undirected,1468,,,4.0
32,66,Undirected,1469,,,4.0
32,67,Undirected,1470,,,4.0
32,68,Undirected,1471,,,4.0
32,69,Undirected,1472,,,4.0
32,70,Undirected,1473,,,4.0
33,34,Undirected,1474,,,4.0
33,35,Undirected,1475,,,4.0
33,36,Undirected,1476,,,4.0
33,37,Undirected,1477,,,4.0
33,38,Undirected,1478,,,4.0
33,39,Undirected,1479,,,4.0
33,40,Undirected,1480,,,4.0
33,41,Undirected,1481,,,4.0
33,42,Undirected,1482,,,4.0
33,43,Undirected,1483,,,4.0
33,44,Undirected,1484,,,4.0
33,45,Undirected,1485,,,4.0
33,46,Undirected,1486,,,4.0
33,47,Undirected,1487,,,4.0
33,48,Undirected,1488,,,4.0
33,49,Undirected,1489,,,4.0
33,50,Undirected,1490,,,4.0
33,51,Undirected,1491,,,4.0
33,52,Undirected,1492,,,4.0
33,53,Undirected,1493,,,4.0
33,54,Undirected,1494,,,4.0
33,55,Undirected,1495,,,4.0
33,56,Undirected,1496,,,4.0
33,57,Undirected,1497,,,4.0
33,58,Undirected,1498,,,4.0
33,59,Undirected,1499,,,4.0
33,60,Undirected,1500,,,4.0
33,61,Undirected,1501,,,4.0
33,62,Undirected,1502,,,4.0
33,63,Undirected,1503,,,4.0
33,64,Undirected,1504,,,4.0
33,65,Undirected,1505,,,4.0
33,66,Undirected,1506,,,4.0
33,67,Undirected,1507,,,4.0
33,68,Undirected,1508,,,4.0
33,69,Undirected,1509,,,4.0
33,70,Undirected,1510,,,4.0
34,35,Undirected,1511,,,4.0
34,36,Undirected,1512,,,4.0
34,37,Undirected,1513,,,4.0
34,38,Undirected,1514,,,4.0
34,39,Undirected,1515,,,4.0
34,40,Undirected,1516,,,4.0
34,41,Undirected,1517,,,4.0
34,42,Undirected,1518,,,4.0
34,43,Undirected,1519,,,4.0
34,44,Undirected,1520,,,4.0
34,45,Undirected,1521,,,4.0
34,46,Undirected,1522,,,4.0
34,47,Undirected,1523,,,4.0
34,48,Undirected,1524,,,4.0
34,49,Undirected,1525,,,4.0
34,50,Undirected,1526,,,4.0
34,51,Undirected,1527,,,4.0
34,52,Undirected,1528,,,4.0
34,53,Undirected,1529,,,4.0
34,54,Undirected,1530,,,4.0
34,55,Undirected,1531,,,4.0
34,56,Undirected,1532,,,4.0
34,57,Undirected,1533,,,4.0
34,58,Undirected,1534,,,4.0
34,59,Undirected,1535,,,4.0
34,60,Undirected,1536,,,4.0
34,61,Undirected,1537,,,4.0
34,62,Undirected,1538,,,4.0
34,63,Undirected,1539,,,4.0
34,64,Undirected,1540,,,4.0
34,65,Undirected,1541,,,4.0
34,66,Undirected,1542,,,4.0
34,67,Undirected,1543,,,4.0
34,68,Undirected,1544,,,4.0
34,69,Undirected,1545,,,4.0
34,70,Undirected,1546,,,4.0
35,36,Undirected,1547,,,4.0
35,37,Undirected,1548,,,4.0
35,38,Undirected,1549,,,4.0
35,39,Undirected,1550,,,4.0
35,40,Undirected,1551,,,4.0
35,41,Undirected,1552,,,4.0
35,42,Undirected,1553,,,4.0
35,43,Undirected,1554,,,4.0
35,44,Undirected,1555,,,4.0
35,45,Undirected,1556,,,4.0
35,46,Undirected,1557,,,4.0
35,47,Undirected,1558,,,4.0
35,48,Undirected,1559,,,4.0
35,49,Undirected,1560,,,4.0
35,50,Undirected,1561,,,4.0
35,51,Undirected,1562,,,4.0
35,52,Undirected,1563,,,4.0
35,53,Undirected,1564,,,4.0
35,54,Undirected,1565,,,4.0
35,55,Undirected,1566,,,4.0
35,56,Undirected,1567,,,4.0
35,57,Undirected,1568,,,4.0
35,58,Undirected,1569,,,4.0
35,59,Undirected,1570,,,4.0
35,60,Undirected,1571,,,4.0
35,61,Undirected,1572,,,4.0
35,62,Undirected,1573,,,4.0
35,63,Undirected,1574,,,4.0
35,64,Undirected,1575,,,4.0
35,65,Undirected,1576,,,4.0
35,66,Undirected,1577,,,4.0
35,67,Undirected,1578,,,4.0
35,68,Undirected,1579,,,4.0
35,69,Undirected,1580,,,4.0
35,70,Undirected,1581,,,4.0
36,37,Undirected,1582,,,4.0
36,38,Undirected,1583,,,4.0
36,39,Undirected,1584,,,4.0
36,40,Undirected,1585,,,4.0
36,41,Undirected,1586,,,4.0
36,42,Undirected,1587,,,4.0
36,43,Undirected,1588,,,4.0
36,44,Undirected,1589,,,4.0
36,45,Undirected,1590,,,4.0
36,46,Undirected,1591,,,4.0
36,47,Undirected,1592,,,4.0
36,48,Undirected,1593,,,4.0
36,49,Undirected,1594,,,4.0
36,50,Undirected,1595,,,4.0
36,51,Undirected,1596,,,4.0
36,52,Undirected,1597,,,4.0
36,53,Undirected,1598,,,4.0
36,54,Undirected,1599,,,4.0
36,55,Undirected,1600,,,4.0
36,56,Undirected,1601,,,4.0
36,57,Undirected,1602,,,4.0
36,58,Undirected,1603,,,4.0
36,59,Undirected,1604,,,4.0
36,60,Undirected,1605,,,4.0
36,61,Undirected,1606,,,4.0
36,62,Undirected,1607,,,4.0
36,63,Undirected,1608,,,4.0
36,64,Undirected,1609,,,4.0
36,65,Undirected,1610,,,4.0
36,66,Undirected,1611,,,4.0
36,67,Undirected,1612,,,4.0
36,68,Undirected,1613,,,4.0
36,69,Undirected,1614,,,4.0
36,70,Undirected,1615,,,4.0
37,38,Undirected,1616,,,4.0
37,39,Undirected,1617,,,4.0
37,40,Undirected,1618,,,4.0
37,41,Undirected,1619,,,4.0
37,42,Undirected,1620,,,4.0
37,43,Undirected,1621,,,4.0
37,44,Undirected,1622,,,4.0
37,45,Undirected,1623,,,4.0
37,46,Undirected,1624,,,4.0
37,47,Undirected,1625,,,4.0
37,48,Undirected,1626,,,4.0
37,49,Undirected,1627,,,4.0
37,50,Undirected,1628,,,4.0
37,51,Undirected,1629,,,4.0
37,52,Undirected,1630,,,4.0
37,53,Undirected,1631,,,4.0
37,54,Undirected,1632,,,4.0
37,55,Undirected,1633,,,4.0
37,56,Undirected,1634,,,4.0
37,57,Undirected,1635,,,4.0
37,58,Undirected,1636,,,4.0
37,59,Undirected,1637,,,4.0
37,60,Undirected,1638,,,4.0
37,61,Undirected,1639,,,4.0
37,62,Undirected,1640,,,4.0
37,63,Undirected,1641,,,4.0
37,64,Undirected,1642,,,4.0
37,65,Undirected,1643,,,4.0
37,66,Undirected,1644,,,4.0
37,67,Undirected,1645,,,4.0
37,68,Undirected,1646,,,4.0
37,69,Undirected,1647,,,4.0
37,70,Undirected,1648,,,4.0
38,39,Undirected,1649,,,4.0
38,40,Undirected,1650,,,4.0
38,41,Undirected,1651,,,4.0
38,42,Undirected,1652,,,4.0
38,43,Undirected,1653,,,4.0
38,44,Undirected,1654,,,4.0
38,45,Undirected,1655,,,4.0
38,46,Undirected,1656,,,4.0
38,47,Undirected,1657,,,4.0
38,48,Undirected,1658,,,4.0
38,49,Undirected,1659,,,4.0
38,50,Undirected,1660,,,4.0
38,51,Undirected,1661,,,4.0
38,52,Undirected,1662,,,4.0
38,53,Undirected,1663,,,4.0
38,54,Undirected,1664,,,4.0
38,55,Undirected,1665,,,4.0
38,56,Undirected,1666,,,4.0
38,57,Undirected,1667,,,4.0
38,58,Undirected,1668,,,4.0
38,59,Undirected,1669,,,4.0
38,60,Undirected,1670,,,4.0
38,61,Undirected,1671,,,4.0
38,62,Undirected,1672,,,4.0
38,63,Undirected,1673,,,4.0
38,64,Undirected,1674,,,4.0
38,65,Undirected,1675,,,4.0
38,66,Undirected,1676,,,4.0
38,67,Undirected,1677,,,4.0
38,68,Undirected,1678,,,4.0
38,69,Undirected,1679,,,4.0
38,70,Undirected,1680,,,4.0
39,40,Undirected,1681,,,4.0
39,41,Undirected,1682,,,4.0
39,42,Undirected,1683,,,4.0
39,43,Undirected,1684,,,4.0
39,44,Undirected,1685,,,4.0
39,45,Undirected,1686,,,4.0
39,46,Undirected,1687,,,4.0
39,47,Undirected,1688,,,4.0
39,48,Undirected,1689,,,4.0
39,49,Undirected,1690,,,4.0
39,50,Undirected,1691,,,4.0
39,51,Undirected,1692,,,4.0
39,52,Undirected,1693,,,4.0
39,53,Undirected,1694,,,4.0
39,54,Undirected,1695,,,4.0
39,55,Undirected,1696,,,4.0
39,56,Undirected,1697,,,4.0
39,57,Undirected,1698,,,4.0
39,58,Undirected,1699,,,4.0
39,59,Undirected,1700,,,4.0
39,60,Undirected,1701,,,4.0
39,61,Undirected,1702,,,4.0
39,62,Undirected,1703,,,4.0
39,63,Undirected,1704,,,4.0
39,64,Undirected,1705,,,4.0
39,65,Undirected,1706,,,4.0
39,66,Undirected,1707,,,4.0
39,67,Undirected,1708,,,4.0
39,68,Undirected,1709,,,4.0
39,69,Undirected,1710,,,4.0
39,70,Undirected,1711,,,4.0
40,41,Undirected,1712,,,4.0
40,42,Undirected,1713,,,4.0
40,43,Undirected,1714,,,4.0
40,44,Undirected,1715,,,4.0
40,45,Undirected,1716,,,4.0
40,46,Undirected,1717,,,4.0
40,47,Undirected,1718,,,4.0
40,48,Undirected,1719,,,4.0
40,49,Undirected,1720,,,4.0
40,50,Undirected,1721,,,4.0
40,51,Undirected,1722,,,4.0
40,52,Undirected,1723,,,4.0
40,53,Undirected,1724,,,4.0
40,54,Undirected,1725,,,4.0
40,55,Undirected,1726,,,4.0
40,56,Undirected,1727,,,4.0
40,57,Undirected,1728,,,4.0
40,58,Undirected,1729,,,4.0
40,59,Undirected,1730,,,4.0
40,60,Undirected,1731,,,4.0
40,61,Undirected,1732,,,4.0
40,62,Undirected,1733,,,4.0
40,63,Undirected,1734,,,4.0
40,64,Undirected,1735,,,4.0
40,65,Undirected,1736,,,4.0
40,66,Undirected,1737,,,4.0
40,67,Undirected,1738,,,4.0
40,68,Undirected,1739,,,4.0
40,69,Undirected,1740,,,4.0
40,70,Undirected,1741,,,4.0
41,42,Undirected,1742,,,4.0
41,43,Undirected,1743,,,4.0
41,44,Undirected,1744,,,4.0
41,45,Undirected,1745,,,4.0
41,46,Undirected,1746,,,4.0
41,47,Undirected,1747,,,4.0
41,48,Undirected,1748,,,4.0
41,49,Undirected,1749,,,4.0
41,50,Undirected,1750,,,4.0
41,51,Undirected,1751,,,4.0
41,52,Undirected,1752,,,4.0
41,53,Undirected,1753,,,4.0
41,54,Undirected,1754,,,4.0
41,55,Undirected,1755,,,4.0
41,56,Undirected,1756,,,4.0
41,57,Undirected,1757,,,4.0
41,58,Undirected,1758,,,4.0
41,59,Undirected,1759,,,4.0
41,60,Undirected,1760,,,4.0
41,61,Undirected,1761,,,4.0
41,62,Undirected,1762,,,4.0
41,63,Undirected,1763,,,4.0
41,64,Undirected,1764,,,4.0
41,65,Undirected,1765,,,4.0
41,66,Undirected,1766,,,4.0
41,67,Undirected,1767,,,4.0
41,68,Undirected,1768,,,4.0
41,69,Undirected,1769,,,4.0
41,70,Undirected,1770,,,4.0
42,43,Undirected,1771,,,4.0
42,44,Undirected,1772,,,4.0
42,45,Undirected,1773,,,4.0
42,46,Undirected,1774,,,4.0
42,47,Undirected,1775,,,4.0
42,48,Undirected,1776,,,4.0
42,49,Undirected,1777,,,4.0
42,50,Undirected,1778,,,4.0
42,51,Undirected,1779,,,4.0
42,52,Undirected,1780,,,4.0
42,53,Undirected,1781,,,4.0
42,54,Undirected,1782,,,4.0
42,55,Undirected,1783,,,4.0
42,56,Undirected,1784,,,4.0
42,57,Undirected,1785,,,4.0
42,58,Undirected,1786,,,4.0
42,59,Undirected,1787,,,4.0
42,60,Undirected,1788,,,4.0
42,61,Undirected,1789,,,4.0
42,62,Undirected,1790,,,4.0
42,63,Undirected,1791,,,4.0
42,64,Undirected,1792,,,4.0
42,65,Undirected,1793,,,4.0
42,66,Undirected,1794,,,4.0
42,67,Undirected,1795,,,4.0
42,68,Undirected,1796,,,4.0
42,69,Undirected,1797,,,4.0
42,70,Undirected,1798,,,4.0
43,44,Undirected,1799,,,4.0
43,45,Undirected,1800,,,4.0
43,46,Undirected,1801,,,4.0
43,47,Undirected,1802,,,4.0
43,48,Undirected,1803,,,4.0
43,49,Undirected,1804,,,4.0
43,50,Undirected,1805,,,4.0
43,51,Undirected,1806,,,4.0
43,52,Undirected,1807,,,4.0
43,53,Undirected,1808,,,4.0
43,54,Undirected,1809,,,4.0
43,55,Undirected,1810,,,4.0
43,56,Undirected,1811,,,4.0
43,57,Undirected,1812,,,4.0
43,58,Undirected,1813,,,4.0
43,59,Undirected,1814,,,4.0
43,60,Undirected,1815,,,4.0
43,61,Undirected,1816,,,4.0
43,62,Undirected,1817,,,4.0
43,63,Undirected,1818,,,4.0
43,64,Undirected,1819,,,4.0
43,65,Undirected,1820,,,4.0
43,66,Undirected,1821,,,4.0
43,67,Undirected,1822,,,4.0
43,68,Undirected,1823,,,4.0
43,69,Undirected,1824,,,4.0
43,70,Undirected,1825,,,4.0
44,45,Undirected,1826,,,4.0
44,46,Undirected,1827,,,4.0
44,47,Undirected,1828,,,4.0
44,48,Undirected,1829,,,4.0
44,49,Undirected,1830,,,4.0
44,50,Undirected,1831,,,4.0
44,51,Undirected,1832,,,4.0
44,52,Undirected,1833,,,4.0
44,53,Undirected,1834,,,4.0
44,54,Undirected,1835,,,4.0
44,55,Undirected,1836,,,4.0
44,56,Undirected,1837,,,4.0
44,57,Undirected,1838,,,4.0
44,58,Undirected,1839,,,4.0
44,59,Undirected,1840,,,4.0
44,60,Undirected,1841,,,4.0
44,61,Undirected,1842,,,4.0
44,62,Undirected,1843,,,4.0
44,63,Undirected,1844,,,4.0
44,64,Undirected,1845,,,4.0
44,65,Undirected,1846,,,4.0
44,66,Undirected,1847,,,4.0
44,67,Undirected,1848,,,4.0
44,68,Undirected,1849,,,4.0
44,69,Undirected,1850,,,4.0
44,70,Undirected,1851,,,4.0
45,46,Undirected,1852,,,4.0
45,47,Undirected,1853,,,4.0
45,48,Undirected,1854,,,4.0
45,49,Undirected,1855,,,4.0
45,50,Undirected,1856,,,4.0
45,51,Undirected,1857,,,4.0
45,52,Undirected,1858,,,4.0
45,53,Undirected,1859,,,4.0
45,54,Undirected,1860,,,4.0
45,55,Undirected,1861,,,4.0
45,56,Undirected,1862,,,4.0
45,57,Undirected,1863,,,4.0
45,58,Undirected,1864,,,4.0
45,59,Undirected,1865,,,4.0
45,60,Undirected,1866,,,4.0
45,61,Undirected,1867,,,4.0
45,62,Undirected,1868,,,4.0
45,63,Undirected,1869,,,4.0
45,64,Undirected,1870,,,4.0
45,65,Undirected,1871,,,4.0
45,66,Undirected,1872,,,4.0
45,67,Undirected,1873,,,4.0
45,68,Undirected,1874,,,4.0
45,69,Undirected,1875,,,4.0
45,70,Undirected,1876,,,4.0
46,47,Undirected,1877,,,4.0
46,48,Undirected,1878,,,4.0
46,49,Undirected,1879,,,4.0
46,50,Undirected,1880,,,4.0
46,51,Undirected,1881,,,4.0
46,52,Undirected,1882,,,4.0
46,53,Undirected,1883,,,4.0
46,54,Undirected,1884,,,4.0
46,55,Undirected,1885,,,4.0
46,56,Undirected,1886,,,4.0
46,57,Undirected,1887,,,4.0
46,58,Undirected,1888,,,4.0
46,59,Undirected,1889,,,4.0
46,60,Undirected,1890,,,4.0
46,61,Undirected,1891,,,4.0
46,62,Undirected,1892,,,4.0
46,63,Undirected,1893,,,4.0
46,64,Undirected,1894,,,4.0
46,65,Undirected,1895,,,4.0
46,66,Undirected,1896,,,4.0
46,67,Undirected,1897,,,4.0
46,68,Undirected,1898,,,4.0
46,69,Undirected,1899,,,4.0
46,70,Undirected,1900,,,4.0
47,48,Undirected,1901,,,4.0
47,49,Undirected,1902,,,4.0
47,50,Undirected,1903,,,4.0
47,51,Undirected,1904,,,4.0
47,52,Undirected,1905,,,4.0
47,53,Undirected,1906,,,4.0
47,54,Undirected,1907,,,4.0
47,55,Undirected,1908,,,4.0
47,56,Undirected,1909,,,4.0
47,57,Undirected,1910,,,4.0
47,58,Undirected,1911,,,4.0
47,59,Undirected,1912,,,4.0
47,60,Undirected,1913,,,4.0
47,61,Undirected,1914,,,4.0
47,62,Undirected,1915,,,4.0
47,63,Undirected,1916,,,4.0
47,64,Undirected,1917,,,4.0
47,65,Undirected,1918,,,4.0
47,66,Undirected,1919,,,4.0
47,67,Undirected,1920,,,4.0
47,68,Undirected,1921,,,4.0
47,69,Undirected,1922,,,4.0
47,70,Undirected,1923,,,4.0
48,49,Undirected,1924,,,4.0
48,50,Undirected,1925,,,4.0
48,51,Undirected,1926,,,4.0
48,52,Undirected,1927,,,4.0
48,53,Undirected,1928,,,4.0
48,54,Undirected,1929,,,4.0
48,55,Undirected,1930,,,4.0
48,56,Undirected,1931,,,4.0
48,57,Undirected,1932,,,4.0
48,58,Undirected,1933,,,4.0
48,59,Undirected,1934,,,4.0
48,60,Undirected,1935,,,4.0
48,61,Undirected,1936,,,4.0
48,62,Undirected,1937,,,4.0
48,63,Undirected,1938,,,4.0
48,64,Undirected,1939,,,4.0
48,65,Undirected,1940,,,4.0
48,66,Undirected,1941,,,4.0
48,67,Undirected,1942,,,4.0
48,68,Undirected,1943,,,4.0
48,69,Undirected,1944,,,4.0
48,70,Undirected,1945,,,4.0
49,50,Undirected,1946,,,4.0
49,51,Undirected,1947,,,4.0
49,52,Undirected,1948,,,4.0
49,53,Undirected,1949,,,4.0
49,54,Undirected,1950,,,4.0
49,55,Undirected,1951,,,4.0
49,56,Undirected,1952,,,4.0
49,57,Undirected,1953,,,4.0
49,58,Undirected,1954,,,4.0
49,59,Undirected,1955,,,4.0
49,60,Undirected,1956,,,4.0
49,61,Undirected,1957,,,4.0
49,62,Undirected,1958,,,4.0
49,63,Undirected,1959,,,4.0
49,64,Undirected,1960,,,4.0
49,65,Undirected,1961,,,4.0
49,66,Undirected,1962,,,4.0
49,67,Undirected,1963,,,4.0
49,68,Undirected,1964,,,4.0
49,69,Undirected,1965,,,4.0
49,70,Undirected,1966,,,4.0
50,51,Undirected,1967,,,4.0
50,52,Undirected,1968,,,4.0
50,53,Undirected,1969,,,4.0
50,54,Undirected,1970,,,4.0
50,55,Undirected,1971,,,4.0
50,56,Undirected,1972,,,4.0
50,57,Undirected,1973,,,4.0
50,58,Undirected,1974,,,4.0
50,59,Undirected,1975,,,4.0
50,60,Undirected,1976,,,4.0
50,61,Undirected,1977,,,4.0
50,62,Undirected,1978,,,4.0
50,63,Undirected,1979,,,4.0
50,64,Undirected,1980,,,4.0
50,65,Undirected,1981,,,4.0
50,66,Undirected,1982,,,4.0
50,67,Undirected,1983,,,4.0
50,68,Undirected,1984,,,4.0
50,69,Undirected,1985,,,4.0
50,70,Undirected,1986,,,4.0
51,52,Undirected,1987,,,4.0
51,53,Undirected,1988,,,4.0
51,54,Undirected,1989,,,4.0
51,55,Undirected,1990,,,4.0
51,56,Undirected,1991,,,4.0
51,57,Undirected,1992,,,4.0
51,58,Undirected,1993,,,4.0
51,59,Undirected,1994,,,4.0
51,60,Undirected,1995,,,4.0
51,61,Undirected,1996,,,4.0
51,62,Undirected,1997,,,4.0
51,63,Undirected,1998,,,4.0
51,64,Undirected,1999,,,4.0
51,65,Undirected,2000,,,4.0
51,66,Undirected,2001,,,4.0
51,67,Undirected,2002,,,4.0
51,68,Undirected,2003,,,4.0
51,69,Undirected,2004,,,4.0
51,70,Undirected,2005,,,4.0
52,53,Undirected,2006,,,4.0
52,54,Undirected,2007,,,4.0
52,55,Undirected,2008,,,4.0
52,56,Undirected,2009,,,4.0
52,57,Undirected,2010,,,4.0
52,58,Undirected,2011,,,4.0
52,59,Undirected,2012,,,4.0
52,60,Undirected,2013,,,4.0
52,61,Undirected,2014,,,4.0
52,62,Undirected,2015,,,4.0
52,63,Undirected,2016,,,4.0
52,64,Undirected,2017,,,4.0
52,65,Undirected,2018,,,4.0
52,66,Undirected,2019,,,4.0
52,67,Undirected,2020,,,4.0
52,68,Undirected,2021,,,4.0
52,69,Undirected,2022,,,4.0
52,70,Undirected,2023,,,4.0
53,54,Undirected,2024,,,4.0
53,55,Undirected,2025,,,4.0
53,56,Undirected,2026,,,4.0
53,57,Undirected,2027,,,4.0
53,58,Undirected,2028,,,4.0
53,59,Undirected,2029,,,4.0
53,60,Undirected,2030,,,4.0
53,61,Undirected,2031,,,4.0
53,62,Undirected,2032,,,4.0
53,63,Undirected,2033,,,4.0
53,64,Undirected,2034,,,4.0
53,65,Undirected,2035,,,4.0
53,66,Undirected,2036,,,4.0
53,67,Undirected,2037,,,4.0
53,68,Undirected,2038,,,4.0
53,69,Undirected,2039,,,4.0
53,70,Undirected,2040,,,4.0
54,55,Undirected,2041,,,4.0
54,56,Undirected,2042,,,4.0
54,57,Undirected,2043,,,4.0
54,58,Undirected,2044,,,4.0
54,59,Undirected,2045,,,4.0
54,60,Undirected,2046,,,4.0
54,61,Undirected,2047,,,4.0
54,62,Undirected,2048,,,4.0
54,63,Undirected,2049,,,4.0
54,64,Undirected,2050,,,4.0
54,65,Undirected,2051,,,4.0
54,66,Undirected,2052,,,4.0
54,67,Undirected,2053,,,4.0
54,68,Undirected,2054,,,4.0
54,69,Undirected,2055,,,4.0
54,70,Undirected,2056,,,4.0
55,56,Undirected,2057,,,4.0
55,57,Undirected,2058,,,4.0
55,58,Undirected,2059,,,4.0
55,59,Undirected,2060,,,4.0
55,60,Undirected,2061,,,4.0
55,61,Undirected,2062,,,4.0
55,62,Undirected,2063,,,4.0
55,63,Undirected,2064,,,4.0
55,64,Undirected,2065,,,4.0
55,65,Undirected,2066,,,4.0
55,66,Undirected,2067,,,4.0
55,67,Undirected,2068,,,4.0
55,68,Undirected,2069,,,4.0
55,69,Undirected,2070,,,4.0
55,70,Undirected,2071,,,4.0
56,57,Undirected,2072,,,4.0
56,58,Undirected,2073,,,4.0
56,59,Undirected,2074,,,4.0
56,60,Undirected,2075,,,4.0
56,61,Undirected,2076,,,4.0
56,62,Undirected,2077,,,4.0
56,63,Undirected,2078,,,4.0
56,64,Undirected,2079,,,4.0
56,65,Undirected,2080,,,4.0
56,66,Undirected,2081,,,4.0
56,67,Undirected,2082,,,4.0
56,68,Undirected,2083,,,4.0
56,69,Undirected,2084,,,4.0
56,70,Undirected,2085,,,4.0
57,58,Undirected,2086,,,4.0
57,59,Undirected,2087,,,4.0
57,60,Undirected,2088,,,4.0
57,61,Undirected,2089,,,4.0
57,62,Undirected,2090,,,4.0
57,63,Undirected,2091,,,4.0
57,64,Undirected,2092,,,4.0
57,65,Undirected,2093,,,4.0
57,66,Undirected,2094,,,4.0
57,67,Undirected,2095,,,4.0
57,68,Undirected,2096,,,4.0
57,69,Undirected,2097,,,4.0
57,70,Undirected,2098,,,4.0
58,59,Undirected,2099,,,4.0
58,60,Undirected,2100,,,4.0
58,61,Undirected,2101,,,4.0
58,62,Undirected,2102,,,4.0
58,63,Undirected,2103,,,4.0
58,64,Undirected,2104,,,4.0
58,65,Undirected,2105,,,4.0
58,66,Undirected,2106,,,4.0
58,67,Undirected,2107,,,4.0
58,68,Undirected,2108,,,4.0
58,69,Undirected,2109,,,4.0
58,70,Undirected,2110,,,4.0
59,60,Undirected,2111,,,4.0
59,61,Undirected,2112,,,4.0
59,62,Undirected,2113,,,4.0
59,63,Undirected,2114,,,4.0
59,64,Undirected,2115,,,4.0
59,65,Undirected,2116,,,4.0
59,66,Undirected,2117,,,4.0
59,67,Undirected,2118,,,4.0
59,68,Undirected,2119,,,4.0
59,69,Undirected,2120,,,4.0
59,70,Undirected,2121,,,4.0
60,61,Undirected,2122,,,4.0
60,62,Undirected,2123,,,4.0
60,63,Undirected,2124,,,4.0
60,64,Undirected,2125,,,4.0
60,65,Undirected,2126,,,4.0
60,66,Undirected,2127,,,4.0
60,67,Undirected,2128,,,4.0
60,68,Undirected,2129,,,4.0
60,69,Undirected,2130,,,4.0
60,70,Undirected,2131,,,4.0
61,62,Undirected,2132,,,4.0
61,63,Undirected,2133,,,4.0
61,64,Undirected,2134,,,4.0
61,65,Undirected,2135,,,4.0
61,66,Undirected,2136,,,4.0
61,67,Undirected,2137,,,4.0
61,68,Undirected,2138,,,4.0
61,69,Undirected,2139,,,4.0
61,70,Undirected,2140,,,4.0
62,63,Undirected,2141,,,4.0
62,64,Undirected,2142,,,4.0
62,65,Undirected,2143,,,4.0
62,66,Undirected,2144,,,4.0
62,67,Undirected,2145,,,4.0
62,68,Undirected,2146,,,4.0
62,69,Undirected,2147,,,4.0
62,70,Undirected,2148,,,4.0
63,64,Undirected,2149,,,4.0
63,65,Undirected,2150,,,4.0
63,66,Undirected,2151,,,4.0
63,67,Undirected,2152,,,4.0
63,68,Undirected,2153,,,4.0
63,69,Undirected,2154,,,4.0
63,70,Undirected,2155,,,4.0
64,65,Undirected,2156,,,4.0
64,66,Undirected,2157,,,4.0
64,67,Undirected,2158,,,4.0
64,68,Undirected,2159,,,4.0
64,69,Undirected,2160,,,4.0
64,70,Undirected,2161,,,4.0
65,66,Undirected,2162,,,4.0
65,67,Undirected,2163,,,4.0
65,68,Undirected,2164,,,4.0
65,69,Undirected,2165,,,4.0
65,70,Undirected,2166,,,4.0
66,67,Undirected,2167,,,4.0
66,8,Undirected,2168,,,4.0
66,69,Undirected,2169,,,4.0
66,70,Undirected,2170,,,4.0
67,68,Undirected,2171,,,4.0
67,69,Undirected,2172,,,4.0
67,70,Undirected,2173,,,4.0
68,69,Undirected,2174,,,4.0
68,70,Undirected,2175,,,4.0
69,70,Undirected,2176,,,4.0
77,6,Undirected,2177,,,7.0
78,6,Undirected,2178,,,7.0
79,6,Undirected,2179,,,7.0
77,83,Undirected,2180,,,6.0
78,83,Undirected,2181,,,6.0
79,83,Undirected,2182,,,6.0
77,6,Undirected,2183,,,6.0
78,6,Undirected,2184,,,6.0
79,6,Undirected,2185,,,6.0
80,83,Undirected,2186,,,6.0
81,83,Undirected,2187,,,6.0
82,83,Undirected,2188,,,6.0
80,6,Undirected,2189,,,6.0
81,6,Undirected,2190,,,6.0
82,6,Undirected,2191,,,6.0
89,6,Undirected,2192,,,7.0
90,6,Undirected,2193,,,7.0
91,6,Undirected,2194,,,7.0
92,6,Undirected,2195,,,7.0
71,6,Undirected,2196,,,7.0
72,6,Undirected,2197,,,7.0
73,6,Undirected,2198,,,7.0
74,6,Undirected,2199,,,7.0
75,6,Undirected,2200,,,7.0
76,6,Undirected,2201,,,7.0
2,6,Undirected,2202,,,1.0
3,6,Undirected,2203,,,1.0
5,1,Undirected,2204,,,1.0
5,3,Undirected,2205,,,1.0
